<?xml version="1.0" encoding="UTF-8"?>
<beans:beans xmlns="http://www.springframework.org/schema/security"  
    xmlns:beans="http://www.springframework.org/schema/beans"  
    xmlns:xsi="http://www.w3.org/2001/XMLSchema-instance"  
    xsi:schemaLocation="http://www.springframework.org/schema/beans  
    http://www.springframework.org/schema/beans/spring-beans.xsd  
    http://www.springframework.org/schema/security  
    http://www.springframework.org/schema/security/spring-security.xsd">  
    <http auto-config="true">  
      <intercept-url pattern="/welcome/user" access="permitAll" />
		<intercept-url pattern="/welcome/admin" access="hasRole('ROLE_ADMIN')" />
    </http>  
    <authentication-manager>  
      <authentication-provider>  
        <user-service>  
       
				<user name="admin" password="admin123" authorities="ROLE_ADMIN" />  
        </user-service>  
      </authentication-provider>  
    </authentication-manager>  
</beans:beans> 





<!-- <beans:beans xmlns="http://www.springframework.org/schema/security"
		 xmlns:beans="http://www.springframework.org/schema/beans"
		 xmlns:xsi="http://www.w3.org/2001/XMLSchema-instance"
		 xsi:schemaLocation="http://www.springframework.org/schema/beans
		  https://www.springframework.org/schema/beans/spring-beans.xsd
						http://www.springframework.org/schema/security 
						https://www.springframework.org/schema/security/spring-security.xsd">


	<http auto-config="true" use-expression="true">
		<intercept-url pattern="/user" access="hasRole('ROLE_USER')" />
		<intercept-url pattern="/admin" access="hasRole('ROLE_ADMIN')" />
		<form-login authentication-failure-url="/Access_Denied" />
	</http>
	<authentication-manager>
		<authentication-provider>
			<user-service>
				<user name="pavithra" password="pavi@0510" authorities="ROLE_USER" />
				<user name="admin" password="admin123" authorities="ROLE_ADMIN" />
			</user-service>
			</authentication-provider>
		</authentication-manager>
</beans:beans> -->